NOMBRE_DEPTO;CODIGO_MUNICIPIO;NOMBRE_MPIO;Nombre
AMAZONAS;91263;EL ENCANTO;El Encanto
AMAZONAS;91405;LA CHORRERA;La Chorrera
AMAZONAS;91407;LA PEDRERA;La Pedrera
AMAZONAS;91430;LA VICTORIA;La Victoria
AMAZONAS;91001;LETICIA;Leticia
AMAZONAS;91460;MIRITI - PARANÁ;Miriti - Paraná
AMAZONAS;91530;PUERTO ALEGRIA;Puerto Alegria
AMAZONAS;91536;PUERTO ARICA;Puerto Arica
AMAZONAS;91540;PUERTO NARIÑO;Puerto Nariño
AMAZONAS;91669;PUERTO SANTANDER;Puerto Santander
AMAZONAS;91798;TARAPACÁ;Tarapacá
ANTIOQUIA;05120;CÁCERES;Cáceres
ANTIOQUIA;05154;CAUCASIA;Caucasia
ANTIOQUIA;05250;EL BAGRE;El Bagre
ANTIOQUIA;05495;NECHÍ;Nechí
ANTIOQUIA;05790;TARAZÁ;Tarazá
ANTIOQUIA;05895;ZARAGOZA;Zaragoza
ANTIOQUIA;05142;CARACOLÍ;Caracolí
ANTIOQUIA;05425;MACEO;Maceo
ANTIOQUIA;05579;PUERTO BERRÍO;Puerto Berrio
ANTIOQUIA;05585;PUERTO NARE;Puerto Nare
ANTIOQUIA;05591;PUERTO TRIUNFO;Puerto Triunfo
ANTIOQUIA;05893;YONDÓ;Yondó
ANTIOQUIA;05031;AMALFI;Amalfi
ANTIOQUIA;05040;ANORÍ;Anorí
ANTIOQUIA;05190;CISNEROS;Cisneros
ANTIOQUIA;05604;REMEDIOS;Remedios
ANTIOQUIA;05670;SAN ROQUE;San Roque
ANTIOQUIA;05690;SANTO DOMINGO;Santo Domingo
ANTIOQUIA;05736;SEGOVIA;Segovia
ANTIOQUIA;05858;VEGACHÍ;Vegachí
ANTIOQUIA;05885;YALÍ;Yalí
ANTIOQUIA;05890;YOLOMBÓ;Yolombó
ANTIOQUIA;05038;ANGOSTURA;Angostura
ANTIOQUIA;05086;BELMIRA;Belmira
ANTIOQUIA;05107;BRICEÑO;Briceño
ANTIOQUIA;05134;CAMPAMENTO;Campamento
ANTIOQUIA;05150;CAROLINA;Carolina
ANTIOQUIA;05237;DON MATÍAS;Don Matias
ANTIOQUIA;05264;ENTRERRIOS;Entrerrios
ANTIOQUIA;05310;GÓMEZ PLATA;Gómez Plata
ANTIOQUIA;05315;GUADALUPE;Guadalupe
ANTIOQUIA;05361;ITUANGO;Ituango
ANTIOQUIA;05647;SAN ANDRÉS;San Andrés
ANTIOQUIA;05658;SAN JOSÉ DE LA MONTAÑA;San José De La Montaña
ANTIOQUIA;05664;SAN PEDRO;San Pedro
ANTIOQUIA;05686;SANTA ROSA DE OSOS;Santa Rosa De Osos
ANTIOQUIA;05819;TOLEDO;Toledo
ANTIOQUIA;05854;VALDIVIA;Valdivia
ANTIOQUIA;05887;YARUMAL;Yarumal
ANTIOQUIA;05004;ABRIAQUÍ;Abriaquí
ANTIOQUIA;05044;ANZA;Anza
ANTIOQUIA;05059;ARMENIA;Armenia
ANTIOQUIA;05113;BURITICÁ;Buriticá
ANTIOQUIA;05138;CAÑASGORDAS;Cañasgordas
ANTIOQUIA;05234;DABEIBA;Dabeiba
ANTIOQUIA;05240;EBÉJICO;Ebéjico
ANTIOQUIA;05284;FRONTINO;Frontino
ANTIOQUIA;05306;GIRALDO;Giraldo
ANTIOQUIA;05347;HELICONIA;Heliconia
ANTIOQUIA;05411;LIBORINA;Liborina
ANTIOQUIA;05501;OLAYA;Olaya
ANTIOQUIA;05543;PEQUE;Peque
ANTIOQUIA;05628;SABANALARGA;Sabanalarga
ANTIOQUIA;05656;SAN JERÓNIMO;San Jerónimo
ANTIOQUIA;05042;SANTAFÉ DE ANTIOQUIA;Santafé De Antioquia
ANTIOQUIA;05761;SOPETRÁN;Sopetran
ANTIOQUIA;05842;URAMITA;Uramita
ANTIOQUIA;05002;ABEJORRAL;Abejorral
ANTIOQUIA;05021;ALEJANDRÍA;Alejandría
ANTIOQUIA;05055;ARGELIA;Argelia
ANTIOQUIA;05148;EL CARMEN DE VIBORAL;Carmen De Viboral
ANTIOQUIA;05197;COCORNÁ;Cocorná
ANTIOQUIA;05206;CONCEPCIÓN;Concepción
ANTIOQUIA;05313;GRANADA;Granada
ANTIOQUIA;05318;GUARNE;Guarne
ANTIOQUIA;05321;GUATAPE;Guatape
ANTIOQUIA;05376;LA CEJA;La Ceja
ANTIOQUIA;05400;LA UNIÓN;La Unión
ANTIOQUIA;05440;MARINILLA;Marinilla
ANTIOQUIA;05483;NARIÑO;Nariño
ANTIOQUIA;05541;PEÑOL;Peñol
ANTIOQUIA;05607;RETIRO;Retiro
ANTIOQUIA;05615;RIONEGRO;Rionegro
ANTIOQUIA;05649;SAN CARLOS;San Carlos
ANTIOQUIA;05652;SAN FRANCISCO;San Francisco
ANTIOQUIA;05660;SAN LUIS;San Luis
ANTIOQUIA;05667;SAN RAFAEL;San Rafael
ANTIOQUIA;05674;SAN VICENTE;San Vicente
ANTIOQUIA;05697;EL SANTUARIO;Santuario
ANTIOQUIA;05756;SONSON;Sonson
ANTIOQUIA;05030;AMAGÁ;Amaga
ANTIOQUIA;05034;ANDES;Andes
ANTIOQUIA;05036;ANGELÓPOLIS;Angelopolis
ANTIOQUIA;05091;BETANIA;Betania
ANTIOQUIA;05093;BETULIA;Betulia
ANTIOQUIA;05125;CAICEDO;Caicedo
ANTIOQUIA;05145;CARAMANTA;Caramanta
ANTIOQUIA;05101;CIUDAD BOLÍVAR;Ciudad Bolívar
ANTIOQUIA;05209;CONCORDIA;Concordia
ANTIOQUIA;05282;FREDONIA;Fredonia
ANTIOQUIA;05353;HISPANIA;Hispania
ANTIOQUIA;05364;JARDÍN;Jardín
ANTIOQUIA;05368;JERICÓ;Jericó
ANTIOQUIA;05390;LA PINTADA;La Pintada
ANTIOQUIA;05467;MONTEBELLO;Montebello
ANTIOQUIA;05576;PUEBLORRICO;Pueblorrico
ANTIOQUIA;05642;SALGAR;Salgar
ANTIOQUIA;05679;SANTA BaRBARA;Santa Barbara
ANTIOQUIA;05789;TÁMESIS;Támesis
ANTIOQUIA;05792;TARSO;Tarso
ANTIOQUIA;05809;TITIRIBÍ;Titiribí
ANTIOQUIA;05847;URRAO;Urrao
ANTIOQUIA;05856;VALPARAISO;Valparaiso
ANTIOQUIA;05861;VENECIA;Venecia
ANTIOQUIA;05045;APARTADÓ;Apartadó
ANTIOQUIA;05051;ARBOLETES;Arboletes
ANTIOQUIA;05147;CAREPA;Carepa
ANTIOQUIA;05172;CHIGORODÓ;Chigorodó
ANTIOQUIA;05475;MURINDÓ;Murindó
ANTIOQUIA;05480;MUTATÁ;Mutata
ANTIOQUIA;05490;NECOCLÍ;Necoclí
ANTIOQUIA;05659;SAN JUAN DE URABÁ;San Juan De Uraba
ANTIOQUIA;05665;SAN PEDRO DE URABA;San Pedro De Uraba
ANTIOQUIA;05837;TURBO;Turbo
ANTIOQUIA;05873;VIGÍA DEL FUERTE;Vigía Del Fuerte
ANTIOQUIA;05079;BARBOSA;Barbosa
ANTIOQUIA;05088;BELLO;Bello
ANTIOQUIA;05129;CALDAS;Caldas
ANTIOQUIA;05212;COPACABANA;Copacabana
ANTIOQUIA;05266;ENVIGADO;Envigado
ANTIOQUIA;05308;GIRARDOTA;Girardota
ANTIOQUIA;05360;ITAGUI;Itagui
ANTIOQUIA;05380;LA ESTRELLA;La Estrella
ANTIOQUIA;05001;MEDELLÍN;Medellín
ANTIOQUIA;05631;SABANETA;Sabaneta
ARAUCA;81001;ARAUCA;Arauca
ARAUCA;81065;ARAUQUITA;Arauquita
ARAUCA;81220;CRAVO NORTE;Cravo Norte
ARAUCA;81300;FORTUL;Fortul
ARAUCA;81591;PUERTO RONDÓN;Puerto Rondón
ARAUCA;81736;SARAVENA;Saravena
ARAUCA;81794;TAME;Tame
ARCHIPIELAGO DE SAN ANDRES;88564;PROVIDENCIA Y SANTA CATALINA;Providencia Y Santa Catalina
ARCHIPIELAGO DE SAN ANDRES;88001;SAN ANDReS;San Andres
ATLÁNTICO;08001;BARRANQUILLA;Barranquilla
ATLÁNTICO;08296;GALAPA;Galapa
ATLÁNTICO;08433;MALAMBO;Malambo
ATLÁNTICO;08573;PUERTO COLOMBIA;Puerto Colombia
ATLÁNTICO;08758;SOLEDAD;Soledad
ATLÁNTICO;08137;CAMPO DE LA CRUZ;Campo De La Cruz
ATLÁNTICO;08141;CANDELARIA;Candelaria
ATLÁNTICO;08421;LURUACO;Luruaco
ATLÁNTICO;08436;MANATÍ;Manati
ATLÁNTICO;08606;REPELÓN;Repelon
ATLÁNTICO;08675;SANTA LUCÍA;Santa Lucia
ATLÁNTICO;08770;SUAN;Suan
ATLÁNTICO;08078;BARANOA;Baranoa
ATLÁNTICO;08520;PALMAR DE VARELA;Palmar De Varela
ATLÁNTICO;08558;POLONUEVO;Polonuevo
ATLÁNTICO;08560;PONEDERA;Ponedera
ATLÁNTICO;08634;SABANAGRANDE;Sabanagrande
ATLÁNTICO;08638;SABANALARGA;Sabanalarga
ATLÁNTICO;08685;SANTO TOMÁS;Santo Tomas
ATLÁNTICO;08372;JUAN DE ACOSTA;Juan De Acosta
ATLÁNTICO;08549;PIOJÓ;Piojó
ATLÁNTICO;08832;TUBARÁ;Tubara
ATLÁNTICO;08849;USIACURÍ;Usiacuri
BOGOTÁ D.C.;11001;BOGOTÁ;Bogota D.C.
BOLIVAR;13188;CICUCO;Cicuco
BOLIVAR;13300;HATILLO DE LOBA;Hatillo De Loba
BOLIVAR;13440;MARGARITA;Margarita
BOLIVAR;13468;MOMPÓS;Mompós
BOLIVAR;13650;SAN FERNANDO;San Fernando
BOLIVAR;13780;TALAIGUA NUEVO;Talaigua Nuevo
BOLIVAR;13052;ARJONA;Arjona
BOLIVAR;13062;ARROYOHONDO;Arroyohondo
BOLIVAR;13140;CALAMAR;Calamar
BOLIVAR;13001;CARTAGENA;Cartagena
BOLIVAR;13222;CLEMENCIA;Clemencia
BOLIVAR;13433;MAHATES;Mahates
BOLIVAR;13620;SAN CRISTÓBAL;San Cristobal
BOLIVAR;13647;SAN ESTANISLAO;San Estanislao
BOLIVAR;13673;SANTA CATALINA;Santa Catalina
BOLIVAR;13683;SANTA ROSA DE LIMA;Santa Rosa De Lima
BOLIVAR;13760;SOPLAVIENTO;Soplaviento
BOLIVAR;13836;TURBACO;Turbaco
BOLIVAR;13838;TURBANA;Turbana
BOLIVAR;13873;VILLANUEVA;Villanueva
BOLIVAR;13030;ALTOS DEL ROSARIO;Altos Del Rosario
BOLIVAR;13074;BARRANCO DE LOBA;Barranco De Loba
BOLIVAR;13268;EL PEÑON;El Peñon
BOLIVAR;13580;REGIDOR;Regidor
BOLIVAR;13600;RÍO VIEJO;Río Viejo
BOLIVAR;13667;SAN MARTÍN DE LOBA;San Martin De Loba
BOLIVAR;13042;ARENAL;Arenal
BOLIVAR;13160;CANTAGALLO;Cantagallo
BOLIVAR;13473;MORALES;Morales
BOLIVAR;13670;SAN PABLO;San Pablo
BOLIVAR;13688;SANTA ROSA DEL SUR;Santa Rosa Del Sur
BOLIVAR;13744;SIMITÍ;Simití
BOLIVAR;13006;ACHÍ;Achí
BOLIVAR;13430;MAGANGUÉ;Magangué
BOLIVAR;13458;MONTECRISTO;Montecristo
BOLIVAR;13549;PINILLOS;Pinillos
BOLIVAR;13655;SAN JACINTO DEL CAUCA;San Jacinto Del Cauca
BOLIVAR;13810;TIQUISIO;Tiquisio
BOLIVAR;13244;EL CARMEN DE BOLÍVAR;Carmen De Bolívar
BOLIVAR;13212;CÓRDOBA;Córdoba
BOLIVAR;13248;EL GUAMO;El Guamo
BOLIVAR;13442;MARÍA LA BAJA;María La Baja
BOLIVAR;13654;SAN JACINTO;San Jacinto
BOLIVAR;13657;SAN JUAN NEPOMUCENO;San Juan Nepomuceno
BOLIVAR;13894;ZAMBRANO;Zambrano
BOYACÁ;15232;CHÍQUIZA;Chíquiza
BOYACÁ;15187;CHIVATÁ;Chivatá
BOYACÁ;15204;CÓMBITA;Cómbita
BOYACÁ;15224;CUCAITA;Cucaita
BOYACÁ;15476;MOTAVITA;Motavita
BOYACÁ;15500;OICATÁ;Oicatá
BOYACÁ;15646;SAMACÁ;Samacá
BOYACÁ;15740;SIACHOQUE;Siachoque
BOYACÁ;15762;SORA;Sora
BOYACÁ;15764;SORACÁ;Soracá
BOYACÁ;15763;SOTAQUIRÁ;Sotaquirá
BOYACÁ;15814;TOCA;Toca
BOYACÁ;15001;TUNJA;Tunja
BOYACÁ;15837;TUTA;Tuta
BOYACÁ;15861;VENTAQUEMADA;Ventaquemada
BOYACÁ;15180;CHISCAS;Chiscas
BOYACÁ;15223;CUBARÁ;Cubará
BOYACÁ;15244;EL COCUY;El Cocuy
BOYACÁ;15248;EL ESPINO;El Espino
BOYACÁ;15317;GUACAMAYAS;Guacamayas
BOYACÁ;15332;GÜICÁN;Güicán
BOYACÁ;15522;PANQUEBA;Panqueba
BOYACÁ;15377;LABRANZAGRANDE;Labranzagrande
BOYACÁ;15518;PAJARITO;Pajarito
BOYACÁ;15533;PAYA;Paya
BOYACÁ;15550;PISBA;Pisba
BOYACÁ;15090;BERBEO;Berbeo
BOYACÁ;15135;CAMPOHERMOSO;Campohermoso
BOYACÁ;15455;MIRAFLORES;Miraflores
BOYACÁ;15514;PÁEZ;Páez
BOYACÁ;15660;SAN EDUARDO;San Eduardo
BOYACÁ;15897;ZETAQUIRA;Zetaquira
BOYACÁ;15104;BOYACÁ;Boyacá
BOYACÁ;15189;CIÉNEGA;Ciénega
BOYACÁ;15367;JENESANO;Jenesano
BOYACÁ;15494;NUEVO COLÓN;Nuevo Colón
BOYACÁ;15599;RAMIRIQUÍ;Ramiriquí
BOYACÁ;15621;RONDÓN;Rondón
BOYACÁ;15804;TIBANÁ;Tibaná
BOYACÁ;15835;TURMEQUÉ;Turmequé
BOYACÁ;15842;UMBITA;Umbita
BOYACÁ;15879;VIRACACHÁ;Viracachá
BOYACÁ;15172;CHINAVITA;Chinavita
BOYACÁ;15299;GARAGOA;Garagoa
BOYACÁ;15425;MACANAL;Macanal
BOYACÁ;15511;PACHAVITA;Pachavita
BOYACÁ;15667;SAN LUIS DE GACENO;San Luis De Gaceno
BOYACÁ;15690;SANTA MARÍA;Santa María
BOYACÁ;15097;BOAVITA;Boavita
BOYACÁ;15218;COVARACHÍA;Covarachía
BOYACÁ;15403;LA UVITA;La Uvita
BOYACÁ;15673;SAN MATEO;San Mateo
BOYACÁ;15720;SATIVANORTE;Sativanorte
BOYACÁ;15723;SATIVASUR;Sativasur
BOYACÁ;15753;SOATÁ;Soatá
BOYACÁ;15774;SUSACÓN;Susacón
BOYACÁ;15810;TIPACOQUE;Tipacoque
BOYACÁ;15106;BRICEÑO;Briceño
BOYACÁ;15109;BUENAVISTA;Buenavista
BOYACÁ;15131;CALDAS;Caldas
BOYACÁ;15176;CHIQUINQUIRÁ;Chiquinquirá
BOYACÁ;15212;COPER;Coper
BOYACÁ;15401;LA VICTORIA;La Victoria
BOYACÁ;15442;MARIPÍ;Maripí
BOYACÁ;15480;MUZO;Muzo
BOYACÁ;15507;OTANCHE;Otanche
BOYACÁ;15531;PAUNA;Pauna
BOYACÁ;15572;PUERTO BOYACÁ;Puerto Boyaca
BOYACÁ;15580;QUÍPAMA;Quípama
BOYACÁ;15632;SABOYÁ;Saboyá
BOYACÁ;15676;SAN MIGUEL DE SEMA;San Miguel De Sema
BOYACÁ;15681;SAN PABLO DE BORBUR;San Pablo Borbur
BOYACÁ;15832;TUNUNGUÁ;Tununguá
BOYACÁ;15022;ALMEIDA;Almeida
BOYACÁ;15236;CHIVOR;Chivor
BOYACÁ;15322;GUATEQUE;Guateque
BOYACÁ;15325;GUAYATÁ;Guayatá
BOYACÁ;15380;LA CAPILLA;La Capilla
BOYACÁ;15761;SOMONDOCO;Somondoco
BOYACÁ;15778;SUTATENZA;Sutatenza
BOYACÁ;15798;TENZA;Tenza
BOYACÁ;15051;ARCABUCO;Arcabuco
BOYACÁ;15185;CHITARAQUE;Chitaraque
BOYACÁ;15293;GACHANTIVÁ;Gachantivá
BOYACÁ;15469;MONIQUIRÁ;Moniquirá
BOYACÁ;15600;RÁQUIRA;Ráquira
BOYACÁ;15638;SÁCHICA;Sáchica
BOYACÁ;15664;SAN JOSÉ DE PARE;San José De Pare
BOYACÁ;15696;SANTA SOFÍA;Santa Sofía
BOYACÁ;15686;SANTANA;Santana
BOYACÁ;15776;SUTAMARCHÁN;Sutamarchán
BOYACÁ;15808;TINJACÁ;Tinjacá
BOYACÁ;15816;TOGÜÍ;Togüí
BOYACÁ;15407;VILLA DE LEYVA;Villa De Leyva
BOYACÁ;15047;AQUITANIA;Aquitania
BOYACÁ;15226;CUÍTIVA;Cuítiva
BOYACÁ;15272;FIRAVITOBA;Firavitoba
BOYACÁ;15296;GAMEZA;Gameza
BOYACÁ;15362;IZA;Iza
BOYACÁ;15464;MONGUA;Mongua
BOYACÁ;15466;MONGUÍ;Monguí
BOYACÁ;15491;NOBSA;Nobsa
BOYACÁ;15542;PESCA;Pesca
BOYACÁ;15759;SOGAMOSO;Sogamoso
BOYACÁ;15806;TIBASOSA;Tibasosa
BOYACÁ;15820;TÓPAGA;Tópaga
BOYACÁ;15822;TOTA;Tota
BOYACÁ;15087;BELÉN;Belén
BOYACÁ;15114;BUSBANZÁ;Busbanzá
BOYACÁ;15162;CERINZA;Cerinza
BOYACÁ;15215;CORRALES;Corrales
BOYACÁ;15238;DUITAMA;Duitama
BOYACÁ;15276;FLORESTA;Floresta
BOYACÁ;15516;PAIPA;Paipa
BOYACÁ;15693;SANTA ROSA DE VITERBO;San Rosa Viterbo
BOYACÁ;15839;TUTAZÁ;Tutazá
BOYACÁ;15092;BETÉITIVA;Betéitiva
BOYACÁ;15183;CHITA;Chita
BOYACÁ;15368;JERICÓ;Jericó
BOYACÁ;15537;PAZ DE RÍO;Paz De Río
BOYACÁ;15757;SOCHA;Socha
BOYACÁ;15755;SOCOTÁ;Socotá
BOYACÁ;15790;TASCO;Tasco
CALDAS;17272;FILADELFIA;Filadelfia
CALDAS;17388;LA MERCED;La Merced
CALDAS;17442;MARMATO;Marmato
CALDAS;17614;RIOSUCIO;Riosucio
CALDAS;17777;SUPÍA;Supía
CALDAS;17433;MANZANARES;Manzanares
CALDAS;17444;MARQUETALIA;Marquetalia
CALDAS;17446;MARULANDA;Marulanda
CALDAS;17541;PENSILVANIA;Pensilvania
CALDAS;17042;ANSERMA;Anserma
CALDAS;17088;BELALCÁZAR;Belalcázar
CALDAS;17616;RISARALDA;Risaralda
CALDAS;17665;SAN JOSÉ;San José
CALDAS;17877;VITERBO;Viterbo
CALDAS;17174;CHINCHINÁ;Chinchina
CALDAS;17001;MANIZALES;Manizales
CALDAS;17486;NEIRA;Neira
CALDAS;17524;PALESTINA;Palestina
CALDAS;17873;VILLAMARÍA;Villamaria
CALDAS;17013;AGUADAS;Aguadas
CALDAS;17050;ARANZAZU;Aranzazu
CALDAS;17513;PÁCORA;Pácora
CALDAS;17653;SALAMINA;Salamina
CALDAS;17380;LA DORADA;La Dorada
CALDAS;17495;NORCASIA;Norcasia
CALDAS;17662;SAMANÁ;Samaná
CALDAS;17867;VICTORIA;Victoria
CAQUETA;18029;ALBANIA;Albania
CAQUETA;18094;BELÉN DE LOS ANDAQUIES;Belén De Los Andaquies
CAQUETA;18150;CARTAGENA DEL CHAIRÁ;Cartagena Del Chairá
CAQUETA;18205;CURILLO;Currillo
CAQUETA;18247;EL DONCELLO;El Doncello
CAQUETA;18256;EL PAUJIL;El Paujil
CAQUETA;18001;FLORENCIA;Florencia
CAQUETA;18410;LA MONTAÑITA;La Montañita
CAQUETA;18460;MILaN;Milan
CAQUETA;18479;MORELIA;Morelia
CAQUETA;18592;PUERTO RICO;Puerto Rico
CAQUETA;18610;SAN JOSÉ DEL FRAGUA;San Jose Del Fragua
CAQUETA;18753;SAN VICENTE DEL CAGUÁN;San Vicente Del Caguán
CAQUETA;18756;SOLANO;Solano
CAQUETA;18785;SOLITA;Solita
CAQUETA;18860;VALPARAÍSO;Valparaiso
CASANARE;85010;AGUAZUL;Aguazul
CASANARE;85015;CHAMEZA;Chameza
CASANARE;85125;HATO COROZAL;Hato Corozal
CASANARE;85136;LA SALINA;La Salina
CASANARE;85139;MANÍ;Maní
CASANARE;85162;MONTERREY;Monterrey
CASANARE;85225;NUNCHÍA;Nunchía
CASANARE;85230;OROCUÉ;Orocué
CASANARE;85250;PAZ DE ARIPORO;Paz De Ariporo
CASANARE;85263;PORE;Pore
CASANARE;85279;RECETOR;Recetor
CASANARE;85300;SABANALARGA;Sabanalarga
CASANARE;85315;SÁCAMA;Sácama
CASANARE;85325;SAN LUIS DE PALENQUE;San Luis De Palenque
CASANARE;85400;TÁMARA;Támara
CASANARE;85410;TAURAMENA;Tauramena
CASANARE;85430;TRINIDAD;Trinidad
CASANARE;85440;VILLANUEVA;Villanueva
CASANARE;85001;YOPAL;Yopal
CAUCA;19130;CAJIBÍO;Cajibío
CAUCA;19256;EL TAMBO;El Tambo
CAUCA;19392;LA SIERRA;La Sierra
CAUCA;19473;MORALES;Morales
CAUCA;19548;PIENDAMÓ;Piendamo
CAUCA;19001;POPAYÁN;Popayán
CAUCA;19622;ROSAS;Rosas
CAUCA;19760;SOTARA;Sotara
CAUCA;19807;TIMBÍO;Timbio
CAUCA;19110;BUENOS AIRES;Buenos Aires
CAUCA;19142;CALOTO;Caloto
CAUCA;19212;CORINTO;Corinto
CAUCA;19455;MIRANDA;Miranda
CAUCA;19513;PADILLA;Padilla
CAUCA;19573;PUERTO TEJADA;Puerto Tejada
CAUCA;19698;SANTANDER DE QUILICHAO;Santander De Quilichao
CAUCA;19780;SUAREZ;Suarez
CAUCA;19845;VILLA RICA;Villa Rica
CAUCA;19318;GUAPI;Guapi
CAUCA;19418;LOPEZ;Lopez
CAUCA;19809;TIMBIQUÍ;Timbiqui
CAUCA;19137;CALDONO;Caldono
CAUCA;19355;INZÁ;Inzá
CAUCA;19364;JAMBALO;Jambalo
CAUCA;19517;PAEZ;Paez
CAUCA;19585;PURACE;Purace
CAUCA;19743;SILVIA;Silvia
CAUCA;19821;TORIBIO;Toribio
CAUCA;19824;TOTORÓ;Totoro
CAUCA;19022;ALMAGUER;Almaguer
CAUCA;19050;ARGELIA;Argelia
CAUCA;19075;BALBOA;Balboa
CAUCA;19100;BOLÍVAR;Bolívar
CAUCA;19290;FLORENCIA;Florencia
CAUCA;19397;LA VEGA;La Vega
CAUCA;19450;MERCADERES;Mercaderes
CAUCA;19532;PATÍA;Patia
CAUCA;19533;PIAMONTE;Piamonte
CAUCA;19693;SAN SEBASTIAN;San Sebastian
CAUCA;19701;SANTA ROSA;Santa Rosa
CAUCA;19785;SUCRE;Sucre
CESAR;20045;BECERRIL;Becerril
CESAR;20175;CHIMICHAGUA;Chimichagua
CESAR;20178;CHIRIGUANÁ;Chiriguana
CESAR;20228;CURUMANÍ;Curumaní
CESAR;20400;LA JAGUA DE IBIRICO;La Jagua De Ibirico
CESAR;20517;PAILITAS;Pailitas
CESAR;20787;TAMALAMEQUE;Tamalameque
CESAR;20032;ASTREA;Astrea
CESAR;20060;BOSCONIA;Bosconia
CESAR;20238;EL COPEY;El Copey
CESAR;20250;EL PASO;El Paso
CESAR;20013;AGUSTÍN CODAZZI;Agustín Codazzi
CESAR;20621;LA PAZ;La Paz
CESAR;20443;MANAURE;Manaure
CESAR;20570;PUEBLO BELLO;Pueblo Bello
CESAR;20750;SAN DIEGO;San Diego
CESAR;20001;VALLEDUPAR;Valledupar
CESAR;20011;AGUACHICA;Aguachica
CESAR;20295;GAMARRA;Gamarra
CESAR;20310;GONZÁLEZ;González
CESAR;20383;LA GLORIA;La Gloria
CESAR;20550;PELAYA;Pelaya
CESAR;20614;RÍO DE ORO;Río De Oro
CESAR;20710;SAN ALBERTO;San Alberto
CESAR;20770;SAN MARTÍN;San Martín
CHOCO;27050;ATRATO;Atrato
CHOCO;27073;BAGADÓ;Bagadó
CHOCO;27099;BOJAYA;Bojaya
CHOCO;27245;EL CARMEN DE ATRATO;El Carmen De Atrato
CHOCO;27413;LLORÓ;Lloró
CHOCO;27425;MEDIO ATRATO;Medio Atrato
CHOCO;27001;QUIBDÓ;Quibdó
CHOCO;27600;RIO QUITO;Rio Quito
CHOCO;27006;ACANDÍ;Acandí
CHOCO;27086;BELÉN DE BAJIRA;Belén De Bajira
CHOCO;27150;CARMEN DEL DARIEN;Carmén Del Darién
CHOCO;27615;RIOSUCIO;Riosucio
CHOCO;27800;UNGUÍA;Unguía
CHOCO;27075;BAHÍA SOLANO;Bahía Solano
CHOCO;27372;JURADÓ;Juradó
CHOCO;27495;NUQUÍ;Nuquí
CHOCO;27025;ALTO BAUDO;Alto Baudó
CHOCO;27077;BAJO BAUDÓ;Bajo Baudó
CHOCO;27250;EL LITORAL DEL SAN JUAN;El Litoral Del San Juan
CHOCO;27430;MEDIO BAUDÓ;Medio Baudó
CHOCO;27135;EL CANTÓN DEL SAN PABLO;Canton De San Pablo
CHOCO;27160;CERTEGUI;Certegui
CHOCO;27205;CONDOTO;Condoto
CHOCO;27361;ISTMINA;Itsmina
CHOCO;27450;MEDIO SAN JUAN;Medio San Juan
CHOCO;27491;NÓVITA;Nóvita
CHOCO;27580;RÍO FRÍO;Río Frío
CHOCO;27660;SAN JOSÉ DEL PALMAR;San José Del Palmar
CHOCO;27745;SIPÍ;Sipí
CHOCO;27787;TADÓ;Tadó
CHOCO;27810;UNIÓN PANAMERICANA;Union Panamericana
CORDOBA;23807;TIERRALTA;Tierralta
CORDOBA;23855;VALENCIA;Valencia
CORDOBA;23168;CHIMÁ;Chimá
CORDOBA;23300;COTORRA;Cotorra
CORDOBA;23417;LORICA;Lorica
CORDOBA;23464;MOMIL;Momil
CORDOBA;23586;PURÍSIMA;Purísima
CORDOBA;23001;MONTERÍA;Montería
CORDOBA;23090;CANALETE;Canalete
CORDOBA;23419;LOS CÓRDOBAS;Los Córdobas
CORDOBA;23500;MOÑITOS;Moñitos
CORDOBA;23574;PUERTO ESCONDIDO;Puerto Escondido
CORDOBA;23672;SAN ANTERO;San Antero
CORDOBA;23675;SAN BERNARDO DEL VIENTO;San Bernardo Del Viento
CORDOBA;23182;CHINÚ;Chinú
CORDOBA;23660;SAHAGÚN;Sahagún
CORDOBA;23670;SAN ANDRÉS SOTAVENTO;San Andrés Sotavento
CORDOBA;23068;AYAPEL;Ayapel
CORDOBA;23079;BUENAVISTA;Buenavista
CORDOBA;23350;LA APARTADA;La Apartada
CORDOBA;23466;MONTELÍBANO;Montelíbano
CORDOBA;23555;PLANETA RICA;Planeta Rica
CORDOBA;23570;PUEBLO NUEVO;Pueblo Nuevo
CORDOBA;23580;PUERTO LIBERTADOR;Puerto Libertador
CORDOBA;23162;CERETÉ;Cereté
CORDOBA;23189;CIÉNAGA DE ORO;Ciénaga De Oro
CORDOBA;23678;SAN CARLOS;San Carlos
CORDOBA;23686;SAN PELAYO;San Pelayo
CUNDINAMARCA;25183;CHOCONTÁ;Chocontá
CUNDINAMARCA;25426;MACHETA;Macheta
CUNDINAMARCA;25436;MANTA;Manta
CUNDINAMARCA;25736;SESQUILÉ;Sesquilé
CUNDINAMARCA;25772;SUESCA;Suesca
CUNDINAMARCA;25807;TIBIRITA;Tibirita
CUNDINAMARCA;25873;VILLAPINZÓN;Villapinzón
CUNDINAMARCA;25001;AGUA DE DIOS;Agua De Dios
CUNDINAMARCA;25307;GIRARDOT;Girardot
CUNDINAMARCA;25324;GUATAQUÍ;Guataquí
CUNDINAMARCA;25368;JERUSALÉN;Jerusalén
CUNDINAMARCA;25483;NARIÑO;Nariño
CUNDINAMARCA;25488;NILO;Nilo
CUNDINAMARCA;25612;RICAURTE;Ricaurte
CUNDINAMARCA;25815;TOCAIMA;Tocaima
CUNDINAMARCA;25148;CAPARRAPÍ;Caparrapí
CUNDINAMARCA;25320;GUADUAS;Guaduas
CUNDINAMARCA;25572;PUERTO SALGAR;Puerto Salgar
CUNDINAMARCA;25019;ALBÁN;Albán
CUNDINAMARCA;25398;LA PEÑA;La Peña
CUNDINAMARCA;25402;LA VEGA;La Vega
CUNDINAMARCA;25489;NIMAIMA;Nimaima
CUNDINAMARCA;25491;NOCAIMA;Nocaima
CUNDINAMARCA;25592;QUEBRADANEGRA;Quebradanegra
CUNDINAMARCA;25658;SAN FRANCISCO;San Francisco
CUNDINAMARCA;25718;SASAIMA;Sasaima
CUNDINAMARCA;25777;SUPATÁ;Supatá
CUNDINAMARCA;25851;ÚTICA;Útica
CUNDINAMARCA;25862;VERGARA;Vergara
CUNDINAMARCA;25875;VILLETA;Villeta
CUNDINAMARCA;25293;GACHALA;Gachala
CUNDINAMARCA;25297;GACHETÁ;Gacheta
CUNDINAMARCA;25299;GAMA;Gama
CUNDINAMARCA;25322;GUASCA;Guasca
CUNDINAMARCA;25326;GUATAVITA;Guatavita
CUNDINAMARCA;25372;JUNÍN;Junín
CUNDINAMARCA;25377;LA CALERA;La Calera
CUNDINAMARCA;25839;UBALÁ;Ubalá
CUNDINAMARCA;25086;BELTRÁN;Beltrán
CUNDINAMARCA;25095;BITUIMA;Bituima
CUNDINAMARCA;25168;CHAGUANÍ;Chaguaní
CUNDINAMARCA;25328;GUAYABAL DE SIQUIMA;Guayabal De Siquima
CUNDINAMARCA;25580;PULI;Puli
CUNDINAMARCA;25662;SAN JUAN DE RÍO SECO;San Juan De Río Seco
CUNDINAMARCA;25867;VIANÍ;Vianí
CUNDINAMARCA;25438;MEDINA;Medina
CUNDINAMARCA;25530;PARATEBUENO;Paratebueno
CUNDINAMARCA;25151;CAQUEZA;Caqueza
CUNDINAMARCA;25178;CHIPAQUE;Chipaque
CUNDINAMARCA;25181;CHOACHÍ;Choachí
CUNDINAMARCA;25279;FOMEQUE;Fomeque
CUNDINAMARCA;25281;FOSCA;Fosca
CUNDINAMARCA;25335;GUAYABETAL;Guayabetal
CUNDINAMARCA;25339;GUTIÉRREZ;Gutiérrez
CUNDINAMARCA;25594;QUETAME;Quetame
CUNDINAMARCA;25841;UBAQUE;Ubaque
CUNDINAMARCA;25845;UNE;Une
CUNDINAMARCA;25258;EL PEÑÓN;El Peñón
CUNDINAMARCA;25394;LA PALMA;La Palma
CUNDINAMARCA;25513;PACHO;Pacho
CUNDINAMARCA;25518;PAIME;Paime
CUNDINAMARCA;25653;SAN CAYETANO;San Cayetano
CUNDINAMARCA;25823;TOPAIPI;Topaipi
CUNDINAMARCA;25871;VILLAGOMEZ;Villagomez
CUNDINAMARCA;25885;YACOPÍ;Yacopí
CUNDINAMARCA;25126;CAJICÁ;Cajicá
CUNDINAMARCA;25175;CHÍA;Chía
CUNDINAMARCA;25200;COGUA;Cogua
CUNDINAMARCA;25295;GACHANCIPÁ;Gachancipá
CUNDINAMARCA;25486;NEMOCÓN;Nemocon
CUNDINAMARCA;25758;SOPÓ;Sopó
CUNDINAMARCA;25785;TABIO;Tabio
CUNDINAMARCA;25817;TOCANCIPÁ;Tocancipá
CUNDINAMARCA;25899;ZIPAQUIRÁ;Zipaquirá
CUNDINAMARCA;25099;BOJACÁ;Bojacá
CUNDINAMARCA;25214;COTA;Cota
CUNDINAMARCA;25260;EL ROSAL;El Rosal
CUNDINAMARCA;25269;FACATATIVÁ;Facatativá
CUNDINAMARCA;25286;FUNZA;Funza
CUNDINAMARCA;25430;MADRID;Madrid
CUNDINAMARCA;25473;MOSQUERA;Mosquera
CUNDINAMARCA;25769;SUBACHOQUE;Subachoque
CUNDINAMARCA;25799;TENJO;Tenjo
CUNDINAMARCA;25898;ZIPACoN;Zipacon
CUNDINAMARCA;25740;SIBATÉ;Sibaté
CUNDINAMARCA;25754;SOACHA;Soacha
CUNDINAMARCA;25053;ARBELÁEZ;Arbeláez
CUNDINAMARCA;25120;CABRERA;Cabrera
CUNDINAMARCA;25290;FUSAGASUGÁ;Fusagasugá
CUNDINAMARCA;25312;GRANADA;Granada
CUNDINAMARCA;25524;PANDI;Pandi
CUNDINAMARCA;25535;PASCA;Pasca
CUNDINAMARCA;25649;SAN BERNARDO;San Bernardo
CUNDINAMARCA;25743;SILVANIA;Silvania
CUNDINAMARCA;25805;TIBACUY;Tibacuy
CUNDINAMARCA;25506;VENECIA;Venecia
CUNDINAMARCA;25035;ANAPOIMA;Anapoima
CUNDINAMARCA;25040;ANOLAIMA;Anolaima
CUNDINAMARCA;25599;APULO;Apulo
CUNDINAMARCA;25123;CACHIPAY;Cachipay
CUNDINAMARCA;25245;EL COLEGIO;El Colegio
CUNDINAMARCA;25386;LA MESA;La Mesa
CUNDINAMARCA;25596;QUIPILE;Quipile
CUNDINAMARCA;25645;SAN ANTONIO DEL TEQUENDAMA;San Antonio De Tequendama
CUNDINAMARCA;25797;TENA;Tena
CUNDINAMARCA;25878;VIOTÁ;Viotá
CUNDINAMARCA;25154;CARMEN DE CARUPA;Carmen De Carupa
CUNDINAMARCA;25224;CUCUNUBÁ;Cucunubá
CUNDINAMARCA;25288;FÚQUENE;Fúquene
CUNDINAMARCA;25317;GUACHETÁ;Guachetá
CUNDINAMARCA;25407;LENGUAZAQUE;Lenguazaque
CUNDINAMARCA;25745;SIMIJACA;Simijaca
CUNDINAMARCA;25779;SUSA;Susa
CUNDINAMARCA;25781;SUTATAUSA;Sutatausa
CUNDINAMARCA;25793;TAUSA;Tausa
CUNDINAMARCA;25843;VILLA DE SAN DIEGO DE UBATE;Ubate
GUAINIA;94343;BARRANCO MINA;Barranco Mina
GUAINIA;94886;CACAHUAL;Cacahual
GUAINIA;94001;INÍRIDA;Inírida
GUAINIA;94885;LA GUADALUPE;La Guadalupe
GUAINIA;94663;MAPIRIPaN;Mapiripan
GUAINIA;94888;MORICHAL;Morichal
GUAINIA;94887;PANA PANA;Pana Pana
GUAINIA;94884;PUERTO COLOMBIA;Puerto Colombia
GUAINIA;94883;SAN FELIPE;San Felipe
GUAVIARE;95015;CALAMAR;Calamar
GUAVIARE;95025;EL RETORNO;El Retorno
GUAVIARE;95200;MIRAFLORES;Miraflores
GUAVIARE;95001;SAN JOSÉ DEL GUAVIARE;San José Del Guaviare
HUILA;41013;AGRADO;Agrado
HUILA;41026;ALTAMIRA;Altamira
HUILA;41298;GARZÓN;Garzón
HUILA;41306;GIGANTE;Gigante
HUILA;41319;GUADALUPE;Guadalupe
HUILA;41548;PITAL;Pital
HUILA;41770;SUAZA;Suaza
HUILA;41791;TARQUI;Tarqui
HUILA;41016;AIPE;Aipe
HUILA;41020;ALGECIRAS;Algeciras
HUILA;41078;BARAYA;Baraya
HUILA;41132;CAMPOALEGRE;Campoalegre
HUILA;41206;COLOMBIA;Colombia
HUILA;41349;HOBO;Hobo
HUILA;41357;IQUIRA;Iquira
HUILA;41001;NEIVA;Neiva
HUILA;41524;PALERMO;Palermo
HUILA;41615;RIVERA;Rivera
HUILA;41676;SANTA MARÍA;Santa María
HUILA;41799;TELLO;Tello
HUILA;41801;TERUEL;Teruel
HUILA;41872;VILLAVIEJA;Villavieja
HUILA;41885;YAGUARÁ;Yaguará
HUILA;41378;LA ARGENTINA;La Argentina
HUILA;41396;LA PLATA;La Plata
HUILA;41483;NÁTAGA;Nátaga
HUILA;41518;PAICOL;Paicol
HUILA;41797;TESALIA;Tesalia
HUILA;41006;ACEVEDO;Acevedo
HUILA;41244;ELÍAS;Elías
HUILA;41359;ISNOS;Isnos
HUILA;41503;OPORAPA;Oporapa
HUILA;41530;PALESTINA;Palestina
HUILA;41551;PITALITO;Pitalito
HUILA;41660;SALADOBLANCO;Saladoblanco
HUILA;41668;SAN AGUSTÍN;San Agustín
HUILA;41807;TIMANÁ;Timaná
LA GUAJIRA;44035;ALBANIA;Albania
LA GUAJIRA;44090;DIBULLA;Dibulla
LA GUAJIRA;44430;MAICAO;Maicao
LA GUAJIRA;44560;MANAURE;Manaure
LA GUAJIRA;44001;RIOHACHA;Riohacha
LA GUAJIRA;44847;URIBIA;Uribia
LA GUAJIRA;44078;BARRANCAS;Barrancas
LA GUAJIRA;44098;DISTRACCIÓN;Distraccion
LA GUAJIRA;44110;EL MOLINO;El Molino
LA GUAJIRA;44279;FONSECA;Fonseca
LA GUAJIRA;44378;HATONUEVO;Hatonuevo
LA GUAJIRA;44420;LA JAGUA DEL PILAR;La Jagua Del Pilar
LA GUAJIRA;44650;SAN JUAN DEL CESAR;San Juan Del Cesar
LA GUAJIRA;44855;URUMITA;Urumita
LA GUAJIRA;44874;VILLANUEVA;Villanueva
MAGDALENA;47058;ARIGUANÍ;Ariguaní
MAGDALENA;47170;CHIBOLO;Chibolo
MAGDALENA;47460;NUEVA GRANADA;Nueva Granada
MAGDALENA;47555;PLATO;Plato
MAGDALENA;47660;SABANAS DE SAN ANGEL;Sabanas De San Angel
MAGDALENA;47798;TENERIFE;Tenerife
MAGDALENA;47030;ALGARROBO;Algarrobo
MAGDALENA;47053;ARACATACA;Aracataca
MAGDALENA;47189;CIÉNAGA;Ciénaga
MAGDALENA;47268;EL RETÉN;El Reten
MAGDALENA;47288;FUNDACIÓN;Fundacion
MAGDALENA;47570;PUEBLOVIEJO;Pueblo Viejo
MAGDALENA;47980;ZONA BANANERA;Zona Bananera
MAGDALENA;47161;CERRO SAN ANTONIO;Cerro San Antonio
MAGDALENA;47205;CONCORDIA;Concordia
MAGDALENA;47258;EL PIÑON;El Piñon
MAGDALENA;47541;PEDRAZA;Pedraza
MAGDALENA;47551;PIVIJAY;Pivijay
MAGDALENA;47605;REMOLINO;Remolino
MAGDALENA;47675;SALAMINA;Salamina
MAGDALENA;47745;SITIONUEVO;Sitionuevo
MAGDALENA;47960;ZAPAYÁN;Zapayan
MAGDALENA;47001;SANTA MARTA;Santa Marta
MAGDALENA;47245;EL BANCO;El Banco
MAGDALENA;47318;GUAMAL;Guamal
MAGDALENA;47545;PIJIÑO DEL CARMEN;Pijiño Del Carmen
MAGDALENA;47692;SAN SEBASTIÁN DE BUENAVISTA;San Sebastian De Buenavista
MAGDALENA;47703;SAN ZENÓN;San Zenon
MAGDALENA;47707;SANTA ANA;Santa Ana
MAGDALENA;47720;SANTA BÁRBARA DE PINTO;Santa Barbara De Pinto
META;50251;EL CASTILLO;El Castillo
META;50270;EL DORADO;El Dorado
META;50287;FUENTE DE ORO;Fuente De Oro
META;50313;GRANADA;Granada
META;50350;LA MACARENA;La Macarena
META;50370;LA URIBE;La Uribe
META;50400;LEJANÍAS;Lejanías
META;50325;MAPIRIPÁN;Mapiripan
META;50330;MESETAS;Mesetas
META;50450;PUERTO CONCORDIA;Puerto Concordia
META;50577;PUERTO LLERAS;Puerto Lleras
META;50590;PUERTO RICO;Puerto Rico
META;50683;SAN JUAN DE ARAMA;San Juan De Arama
META;50711;VISTAHERMOSA;Vista Hermosa
META;50001;VILLAVICENCIO;Villavicencio
META;50006;ACACÍAS;Acacias
META;50110;BARRANCA DE UPÍA;Barranca De Upia
META;50150;CASTILLA LA NUEVA;Castilla La Nueva
META;50226;CUMARAL;Cumaral
META;50245;EL CALVARIO;El Calvario
META;50318;GUAMAL;Guamal
META;50606;RESTREPO;Restrepo
META;50680;SAN CARLOS DE GUAROA;San Carlos Guaroa
META;50686;SAN JUANITO;San Juanito
META;50223;CUBARRAL;San Luis De Cubarral
META;50689;SAN MARTÍN;San Martín
META;50124;CABUYARO;Cabuyaro
META;50568;PUERTO GAITÁN;Puerto Gaitán
META;50573;PUERTO LÓPEZ;Puerto Lopez
NARIÑO;52240;CHACHAGÜÍ;Chachagui
NARIÑO;52207;CONSACA;Consaca
NARIÑO;52254;EL PEÑOL;El Peñol
NARIÑO;52260;EL TAMBO;El Tambo
NARIÑO;52381;LA FLORIDA;La Florida
NARIÑO;52480;NARIÑO;Nariño
NARIÑO;52001;PASTO;Pasto
NARIÑO;52683;SANDONÁ;Sandoná
NARIÑO;52788;TANGUA;Tangua
NARIÑO;52885;YACUANQUER;Yacuanquer
NARIÑO;52036;ANCUYÁ;Ancuya
NARIÑO;52320;GUAITARILLA;Guaitarilla
NARIÑO;52385;LA LLANADA;La Llanada
NARIÑO;52411;LINARES;Linares
NARIÑO;52418;LOS ANDES;Los Andes
NARIÑO;52435;MALLAMA;Mallama
NARIÑO;52506;OSPINA;Ospina
NARIÑO;52565;PROVIDENCIA;Providencia
NARIÑO;52612;RICAURTE;Ricaurte
NARIÑO;52678;SAMANIEGO;Samaniego
NARIÑO;52699;SANTACRUZ;Santa Cruz
NARIÑO;52720;SAPUYES;Sapuyes
NARIÑO;52838;TÚQUERRES;Tuquerres
NARIÑO;52079;BARBACOAS;Barbacoas
NARIÑO;52250;EL CHARCO;El Charco
NARIÑO;52520;FRANCISCO PIZARRO;Francisco Pizarro
NARIÑO;52390;LA TOLA;La Tola
NARIÑO;52427;MAGÜI;Magui
NARIÑO;52473;MOSQUERA;Mosquera
NARIÑO;52490;OLAYA HERRERA;Olaya Herrera
NARIÑO;52621;ROBERTO PAYÁN;Roberto Payan
NARIÑO;52696;SANTA BaRBARA;Santa Barbara
NARIÑO;52835;TUMACO;Tumaco
NARIÑO;52019;ALBAN;Alban
NARIÑO;52051;ARBOLEDA;Arboleda
NARIÑO;52083;BELEN;Belen
NARIÑO;52110;BUESACO;Buesaco
NARIÑO;52203;COLON;Colon
NARIÑO;52233;CUMBITARA;Cumbitara
NARIÑO;52256;EL ROSARIO;El Rosario
NARIÑO;52258;EL TABLÓN DE GÓMEZ;El Tablon De Gomez
NARIÑO;52378;LA CRUZ;La Cruz
NARIÑO;52399;LA UNION;La Union
NARIÑO;52405;LEIVA;Leiva
NARIÑO;52540;POLICARPA;Policarpa
NARIÑO;52685;SAN BERNARDO;San Bernardo
NARIÑO;52687;SAN LORENZO;San Lorenzo
NARIÑO;52693;SAN PABLO;San Pablo
NARIÑO;52694;SAN PEDRO DE CARTAGO;San Pedro De Cartago
NARIÑO;52786;TAMINANGO;Taminango
NARIÑO;52022;ALDANA;Aldana
NARIÑO;52210;CONTADERO;Contadero
NARIÑO;52215;CÓRDOBA;Córdoba
NARIÑO;52224;CUASPUD;Cuaspud
NARIÑO;52227;CUMBAL;Cumbal
NARIÑO;52287;FUNES;Funes
NARIÑO;52317;GUACHUCAL;Guachucal
NARIÑO;52323;GUALMATÁN;Gualmatan
NARIÑO;52352;ILES;Iles
NARIÑO;52354;IMUÉS;Imues
NARIÑO;52356;IPIALES;Ipiales
NARIÑO;52560;POTOSÍ;Potosí
NARIÑO;52573;PUERRES;Puerres
NARIÑO;52585;PUPIALES;Pupiales
NORTE DE SANTANDER;54051;ARBOLEDAS;Arboledas
NORTE DE SANTANDER;54223;CUCUTILLA;Cucutilla
NORTE DE SANTANDER;54313;GRAMALOTE;Gramalote
NORTE DE SANTANDER;54418;LOURDES;Lourdes
NORTE DE SANTANDER;54660;SALAZAR;Salazar
NORTE DE SANTANDER;54680;SANTIAGO;Santiago
NORTE DE SANTANDER;54871;VILLA CARO;Villa Caro
NORTE DE SANTANDER;54109;BUCARASICA;Bucarasica
NORTE DE SANTANDER;54250;EL TARRA;El Tarra
NORTE DE SANTANDER;54720;SARDINATA;Sardinata
NORTE DE SANTANDER;54810;TIBÚ;Tibú
NORTE DE SANTANDER;54003;ABREGO;Abrego
NORTE DE SANTANDER;54128;CACHIRÁ;Cachirá
NORTE DE SANTANDER;54206;CONVENCIÓN;Convención
NORTE DE SANTANDER;54245;EL CARMEN;El Carmen
NORTE DE SANTANDER;54344;HACARÍ;Hacarí
NORTE DE SANTANDER;54385;LA ESPERANZA;La Esperanza
NORTE DE SANTANDER;54398;LA PLAYA;La Playa
NORTE DE SANTANDER;54498;OCAÑA;Ocaña
NORTE DE SANTANDER;54670;SAN CALIXTO;San Calixto
NORTE DE SANTANDER;54800;TEORAMA;Teorama
NORTE DE SANTANDER;54001;CÚCUTA;Cúcuta
NORTE DE SANTANDER;54261;EL ZULIA;El Zulia
NORTE DE SANTANDER;54405;LOS PATIOS;Los Patios
NORTE DE SANTANDER;54553;PUERTO SANTANDER;Puerto Santander
NORTE DE SANTANDER;54673;SAN CAYETANO;San Cayetano
NORTE DE SANTANDER;54874;VILLA DEL ROSARIO;Villa Del Rosario
NORTE DE SANTANDER;54125;CÁCOTA;Cácota
NORTE DE SANTANDER;54174;CHITAGÁ;Chitagá
NORTE DE SANTANDER;54480;MUTISCUA;Mutiscua
NORTE DE SANTANDER;54518;PAMPLONA;Pamplona
NORTE DE SANTANDER;54520;PAMPLONITA;Pamplonita
NORTE DE SANTANDER;54743;SILOS;Silos
NORTE DE SANTANDER;54099;BOCHALEMA;Bochalema
NORTE DE SANTANDER;54172;CHINÁCOTA;Chinácota
NORTE DE SANTANDER;54239;DURANIA;Durania
NORTE DE SANTANDER;54347;HERRÁN;Herrán
NORTE DE SANTANDER;54377;LABATECA;Labateca
NORTE DE SANTANDER;54599;RAGONVALIA;Ragonvalia
NORTE DE SANTANDER;54820;TOLEDO;Toledo
PUTUMAYO;86219;COLÓN;Colón
PUTUMAYO;86001;MOCOA;Mocoa
PUTUMAYO;86320;ORITO;Orito
PUTUMAYO;86568;PUERTO ASÍS;Puerto Asis
PUTUMAYO;86569;PUERTO CAICEDO;Puerto Caicedo
PUTUMAYO;86571;PUERTO GUZMÁN;Puerto Guzman
PUTUMAYO;86573;LEGUÍZAMO;Puerto Leguizamo
PUTUMAYO;86755;SAN FRANCISCO;San Francisco
PUTUMAYO;86757;SAN MIGUEL;San Miguel
PUTUMAYO;86760;SANTIAGO;Santiago
PUTUMAYO;86749;SIBUNDOY;Sibundoy
PUTUMAYO;86865;VALLE DEL GUAMUEZ;Valle Del Guamuez
PUTUMAYO;86885;VILLAGARZÓN;Villa Garzon
QUINDIO;63001;ARMENIA;Armenia
QUINDIO;63111;BUENAVISTA;Buenavista
QUINDIO;63130;CALARCA;Calarca
QUINDIO;63212;CoRDOBA;Cordoba
QUINDIO;63302;GÉNOVA;Genova
QUINDIO;63548;PIJAO;Pijao
QUINDIO;63272;FILANDIA;Filandia
QUINDIO;63690;SALENTO;Salento
QUINDIO;63190;CIRCASIA;Circasia
QUINDIO;63401;LA TEBAIDA;La Tebaida
QUINDIO;63470;MONTENEGRO;Montengro
QUINDIO;63594;QUIMBAYA;Quimbaya
RISARALDA;66170;DOSQUEBRADAS;Dosquebradas
RISARALDA;66400;LA VIRGINIA;La Virginia
RISARALDA;66440;MARSELLA;Marsella
RISARALDA;66001;PEREIRA;Pereira
RISARALDA;66682;SANTA ROSA DE CABAL;Santa Rosa De Cabal
RISARALDA;66045;APÍA;Apía
RISARALDA;66075;BALBOA;Balboa
RISARALDA;66088;BELÉN DE UMBRÍA;Belén De Umbría
RISARALDA;66318;GUÁTICA;Guática
RISARALDA;66383;LA CELIA;La Celia
RISARALDA;66594;QUINCHÍA;Quinchia
RISARALDA;66687;SANTUARIO;Santuario
RISARALDA;66456;MISTRATÓ;Mistrató
RISARALDA;66572;PUEBLO RICO;Pueblo Rico
SANTANDER;68176;CHIMA;Chima
SANTANDER;68209;CONFINES;Confines
SANTANDER;68211;CONTRATACIÓN;Contratación
SANTANDER;68245;EL GUACAMAYO;El Guacamayo
SANTANDER;68296;GALÁN;Galán
SANTANDER;68298;GAMBITA;Gambita
SANTANDER;68320;GUADALUPE;Guadalupe
SANTANDER;68322;GUAPOTÁ;Guapotá
SANTANDER;68344;HATO;Hato
SANTANDER;68500;OIBA;Oiba
SANTANDER;68522;PALMAR;Palmar
SANTANDER;68524;PALMAS DEL SOCORRO;Palmas Del Socorro
SANTANDER;68720;SANTA HELENA DEL OPÓN;Santa Helena Del Opón
SANTANDER;68745;SIMACOTA;Simacota
SANTANDER;68755;SOCORRO;Socorro
SANTANDER;68770;SUAITA;Suaita
SANTANDER;68147;CAPITANEJO;Capitanejo
SANTANDER;68152;CARCASÍ;Carcasí
SANTANDER;68160;CEPITÁ;Cepitá
SANTANDER;68162;CERRITO;Cerrito
SANTANDER;68207;CONCEPCIÓN;Concepción
SANTANDER;68266;ENCISO;Enciso
SANTANDER;68318;GUACA;Guaca
SANTANDER;68425;MACARAVITA;Macaravita
SANTANDER;68432;MÁLAGA;Málaga
SANTANDER;68468;MOLAGAVITA;Molagavita
SANTANDER;68669;SAN ANDRÉS;San Andrés
SANTANDER;68684;SAN JOSÉ DE MIRANDA;San José De Miranda
SANTANDER;68686;SAN MIGUEL;San Miguel
SANTANDER;68051;ARATOCA;Aratoca
SANTANDER;68079;BARICHARA;Barichara
SANTANDER;68121;CABRERA;Cabrera
SANTANDER;68167;CHARALÁ;Charalá
SANTANDER;68217;COROMORO;Coromoro
SANTANDER;68229;CURITÍ;Curití
SANTANDER;68264;ENCINO;Encino
SANTANDER;68370;JORDÁN;Jordán
SANTANDER;68464;MOGOTES;Mogotes
SANTANDER;68498;OCAMONTE;Ocamonte
SANTANDER;68502;ONZAGA;Onzaga
SANTANDER;68533;PÁRAMO;Páramo
SANTANDER;68549;PINCHOTE;Pinchote
SANTANDER;68679;SAN GIL;San Gil
SANTANDER;68682;SAN JOAQUÍN;San Joaquín
SANTANDER;68855;VALLE DE SAN JOSÉ;Valle De San José
SANTANDER;68872;VILLANUEVA;Villanueva
SANTANDER;68081;BARRANCABERMEJA;Barrancabermeja
SANTANDER;68092;BETULIA;Betulia
SANTANDER;68235;EL CARMEN DE CHUCURÍ;El Carmen De Chucurí
SANTANDER;68575;PUERTO WILCHES;Puerto Wilches
SANTANDER;68655;SABANA DE TORRES;Sabana De Torres
SANTANDER;68689;SAN VICENTE DE CHUCURÍ;San Vicente De Chucurí
SANTANDER;68895;ZAPATOCA;Zapatoca
SANTANDER;68001;BUCARAMANGA;Bucaramanga
SANTANDER;68132;CALIFORNIA;California
SANTANDER;68169;CHARTA;Charta
SANTANDER;68255;EL PLAYÓN;El Playón
SANTANDER;68276;FLORIDABLANCA;Floridablanca
SANTANDER;68307;GIRÓN;Girón
SANTANDER;68406;LEBRÍJA;Lebríja
SANTANDER;68418;LOS SANTOS;Los Santos
SANTANDER;68444;MATANZA;Matanza
SANTANDER;68547;PIEDECUESTA;Piedecuesta
SANTANDER;68615;RIONEGRO;Rionegro
SANTANDER;68705;SANTA BÁRBARA;Santa Bárbara
SANTANDER;68780;SURATÁ;Surata
SANTANDER;68820;TONA;Tona
SANTANDER;68867;VETAS;Vetas
SANTANDER;68013;AGUADA;Aguada
SANTANDER;68020;ALBANIA;Albania
SANTANDER;68077;BARBOSA;Barbosa
SANTANDER;68101;BOLÍVAR;Bolívar
SANTANDER;68179;CHIPATÁ;Chipatá
SANTANDER;68190;CIMITARRA;Cimitarra
SANTANDER;68250;EL PEÑÓN;El Peñón
SANTANDER;68271;FLORIÁN;Florián
SANTANDER;68324;GUAVATÁ;Guavatá
SANTANDER;68327;GÜEPSA;Guepsa
SANTANDER;68368;JESÚS MARÍA;Jesús María
SANTANDER;68377;LA BELLEZA;La Belleza
SANTANDER;68397;LA PAZ;La Paz
SANTANDER;68385;LANDÁZURI;Landázuri
SANTANDER;68572;PUENTE NACIONAL;Puente Nacional
SANTANDER;68573;PUERTO PARRA;Puerto Parra
SANTANDER;68673;SAN BENITO;San Benito
SANTANDER;68773;SUCRE;Sucre
SANTANDER;68861;VÉLEZ;Vélez
SUCRE;70265;GUARANDA;Guaranda
SUCRE;70429;MAJAGUAL;Majagual
SUCRE;70771;SUCRE;Sucre
SUCRE;70230;CHALÁN;Chalán
SUCRE;70204;COLOSO;Coloso
SUCRE;70473;MORROA;Morroa
SUCRE;70508;OVEJAS;Ovejas
SUCRE;70001;SINCELEJO;Sincelejo
SUCRE;70221;COVEÑAS;Coveñas
SUCRE;70523;PALMITO;Palmito
SUCRE;70713;SAN ONOFRE;San Onofre
SUCRE;70820;SANTIAGO DE TOLÚ;Santiago De Tolú
SUCRE;70823;TOLÚ VIEJO;Tolú Viejo
SUCRE;70110;BUENAVISTA;Buenavista
SUCRE;70215;COROZAL;Corozal
SUCRE;70233;EL ROBLE;El Roble
SUCRE;70235;GALERAS;Galeras
SUCRE;70418;LOS PALMITOS;Los Palmitos
SUCRE;70670;SAMPUÉS;Sampués
SUCRE;70702;SAN JUAN DE BETULIA;San Juan Betulia
SUCRE;70717;SAN PEDRO;San Pedro
SUCRE;70742;SINCÉ;Sincé
SUCRE;70124;CAIMITO;Caimito
SUCRE;70400;LA UNIÓN;La Unión
SUCRE;70678;SAN BENITO ABAD;San Benito Abad
SUCRE;70708;SAN MARCOS;San Marcos
TOLIMA;73030;AMBALEMA;Ambalema
TOLIMA;73055;ARMERO;Armero
TOLIMA;73270;FALAN;Falan
TOLIMA;73283;FRESNO;Fresno
TOLIMA;73349;HONDA;Honda
TOLIMA;73443;MARIQUITA;Mariquita
TOLIMA;73520;PALOCABILDO;Palocabildo
TOLIMA;73148;CARMEN DE APICALÁ;Carmen De Apicalá
TOLIMA;73226;CUNDAY;Cunday
TOLIMA;73352;ICONONZO;Icononzo
TOLIMA;73449;MELGAR;Melgar
TOLIMA;73873;VILLARRICA;Villarrica
TOLIMA;73067;ATACO;Ataco
TOLIMA;73168;CHAPARRAL;Chaparral
TOLIMA;73217;COYAIMA;Coyaima
TOLIMA;73483;NATAGAIMA;Natagaima
TOLIMA;73504;ORTEGA;Ortega
TOLIMA;73555;PLANADAS;Planadas
TOLIMA;73616;RIOBLANCO;Rioblanco
TOLIMA;73622;RONCESVALLES;Roncesvalles
TOLIMA;73675;SAN ANTONIO;San Antonio
TOLIMA;73026;ALVARADO;Alvarado
TOLIMA;73043;ANZOÁTEGUI;Anzoátegui
TOLIMA;73124;CAJAMARCA;Cajamarca
TOLIMA;73200;COELLO;Coello
TOLIMA;73268;ESPINAL;Espinal
TOLIMA;73275;FLANDES;Flandes
TOLIMA;73001;IBAGUÉ;Ibague
TOLIMA;73547;PIEDRAS;Piedras
TOLIMA;73624;ROVIRA;Rovira
TOLIMA;73678;SAN LUIS;San Luis
TOLIMA;73854;VALLE DE SAN JUAN;Valle De San Juan
TOLIMA;73024;ALPUJARRA;Alpujarra
TOLIMA;73236;DOLORES;Dolores
TOLIMA;73319;GUAMO;Guamo
TOLIMA;73563;PRADO;Prado
TOLIMA;73585;PURIFICACIÓN;Purificación
TOLIMA;73671;SALDAÑA;Saldaña
TOLIMA;73770;SUÁREZ;Suárez
TOLIMA;73152;CASABIANCA;Casabianca
TOLIMA;73347;HERVEO;Herveo
TOLIMA;73408;LÉRIDA;Lerida
TOLIMA;73411;LÍBANO;Libano
TOLIMA;73461;MURILLO;Murillo
TOLIMA;73686;SANTA ISABEL;Santa Isabel
TOLIMA;73861;VENADILLO;Venadillo
TOLIMA;73870;VILLAHERMOSA;Villahermosa
VALLE DEL CAUCA;76036;ANDALUCÍA;Andalucía
VALLE DEL CAUCA;76111;GUADALAJARA DE BUGA;Buga
VALLE DEL CAUCA;76113;BUGALAGRANDE;Bugalagrande
VALLE DEL CAUCA;76126;CALIMA;Calima
VALLE DEL CAUCA;76248;EL CERRITO;El Cerrito
VALLE DEL CAUCA;76306;GINEBRA;Ginebra
VALLE DEL CAUCA;76318;GUACARÍ;Guacarí
VALLE DEL CAUCA;76606;RESTREPO;Restrepo
VALLE DEL CAUCA;76616;RIOFRÍO;Riofrio
VALLE DEL CAUCA;76670;SAN PEDRO;San Pedro
VALLE DEL CAUCA;76828;TRUJILLO;Trujillo
VALLE DEL CAUCA;76834;TULUÁ;Tuluá
VALLE DEL CAUCA;76890;YOTOCO;Yotoco
VALLE DEL CAUCA;76020;ALCALÁ;Alcala
VALLE DEL CAUCA;76041;ANSERMANUEVO;Ansermanuevo
VALLE DEL CAUCA;76054;ARGELIA;Argelia
VALLE DEL CAUCA;76100;BOLÍVAR;Bolívar
VALLE DEL CAUCA;76147;CARTAGO;Cartago
VALLE DEL CAUCA;76243;EL ÁGUILA;El Águila
VALLE DEL CAUCA;76246;EL CAIRO;El Cairo
VALLE DEL CAUCA;76250;EL DOVIO;El Dovio
VALLE DEL CAUCA;76400;LA UNIÓN;La Unión
VALLE DEL CAUCA;76403;LA VICTORIA;La Victoria
VALLE DEL CAUCA;76497;OBANDO;Obando
VALLE DEL CAUCA;76622;ROLDANILLO;Roldanillo
VALLE DEL CAUCA;76823;TORO;Toro
VALLE DEL CAUCA;76845;ULLOA;Ulloa
VALLE DEL CAUCA;76863;VERSALLES;Versalles
VALLE DEL CAUCA;76895;ZARZAL;Zarzal
VALLE DEL CAUCA;76109;BUENAVENTURA;Buenaventura
VALLE DEL CAUCA;76122;CAICEDONIA;Caicedonia
VALLE DEL CAUCA;76736;SEVILLA;Sevilla
VALLE DEL CAUCA;76001;CALI;Cali
VALLE DEL CAUCA;76130;CANDELARIA;Candelaria
VALLE DEL CAUCA;76233;DAGUA;Dagua
VALLE DEL CAUCA;76275;FLORIDA;Florida
VALLE DEL CAUCA;76364;JAMUNDÍ;Jamundí
VALLE DEL CAUCA;76377;LA CUMBRE;La Cumbre
VALLE DEL CAUCA;76520;PALMIRA;Palmira
VALLE DEL CAUCA;76563;PRADERA;Pradera
VALLE DEL CAUCA;76869;VIJES;Vijes
VALLE DEL CAUCA;76892;YUMBO;Yumbo
VAUPES;97161;CARURU;Caruru
VAUPES;97001;MITÚ;Mitú
VAUPES;97511;PACOA;Pacoa
VAUPES;97777;PAPUNAHUA;Papunahua
VAUPES;97666;TARAIRA;Taraira
VAUPES;97889;YAVARATÉ;Yavaraté
VICHADA;99773;CUMARIBO;Cumaribo
VICHADA;99524;LA PRIMAVERA;La Primavera
VICHADA;99001;PUERTO CARREÑO;Puerto Carreño
VICHADA;99624;SANTA ROSALÍA;Santa Rosalía
